Date,Adj Close,Close,High,Low,Open,Volume
,MSFT,MSFT,MSFT,MSFT,MSFT,MSFT
2023-04-10,284.8594055175781,289.3900146484375,289.6000061035156,284.7099914550781,289.2099914550781,23103000
2023-04-11,278.4020690917969,282.8299865722656,285.9800109863281,281.6400146484375,285.75,27276600
2023-04-12,279.0517883300781,283.489990234375,287.010009765625,281.9599914550781,284.7900085449219,27403400
2023-04-13,285.3023681640625,289.8399963378906,289.8999938964844,283.1700134277344,283.5899963378906,24222700
2023-04-14,281.6603698730469,286.1400146484375,288.4800109863281,283.69000244140625,287.0,20987900
2023-04-17,284.2786560058594,288.79998779296875,291.6000061035156,286.1600036621094,289.92999267578125,23836200
2023-04-18,283.85540771484375,288.3699951171875,291.760009765625,287.010009765625,291.57000732421875,20161800
2023-04-19,283.9341125488281,288.45001220703125,289.04998779296875,284.5400085449219,285.989990234375,17150300
2023-04-20,281.63079833984375,286.1099853515625,289.0299987792969,285.0799865722656,285.25,23244400
2023-04-21,281.2862854003906,285.760009765625,286.2699890136719,283.05999755859375,285.010009765625,21676400
2023-04-24,277.3586730957031,281.7699890136719,284.95001220703125,278.7200012207031,282.0899963378906,26611000
2023-04-25,271.1081237792969,275.4200134277344,281.6000061035156,275.3699951171875,279.510009765625,45772200
2023-04-26,290.7458190917969,295.3699951171875,299.57000732421875,292.7300109863281,296.70001220703125,64599200
2023-04-27,300.0577392578125,304.8299865722656,305.20001220703125,295.25,295.9700012207031,46462600
2023-04-28,302.44970703125,307.260009765625,308.92999267578125,303.30999755859375,304.010009765625,36446700
2023-05-01,300.7762756347656,305.55999755859375,308.6000061035156,305.1499938964844,306.9700012207031,21294100
2023-05-02,300.6286315917969,305.4100036621094,309.17999267578125,303.9100036621094,307.760009765625,26404400
2023-05-03,299.63446044921875,304.3999938964844,308.6099853515625,304.0899963378906,306.6199951171875,22360800
2023-05-04,300.6286315917969,305.4100036621094,307.760009765625,303.3999938964844,306.239990234375,22519900
2023-05-05,305.7865905761719,310.6499938964844,311.9700012207031,304.2699890136719,305.7200012207031,28181200
2023-05-08,303.8178405761719,308.6499938964844,310.20001220703125,306.0899963378906,310.1300048828125,21318600
2023-05-09,302.1937255859375,307.0,310.0400085449219,306.30999755859375,308.0,21340800
2023-05-10,307.42059326171875,312.30999755859375,313.0,307.6700134277344,308.6199951171875,30078000
2023-05-11,305.2549743652344,310.1099853515625,311.1199951171875,306.260009765625,310.1000061035156,31680200
2023-05-12,304.1329040527344,308.9700012207031,310.6499938964844,306.6000061035156,310.54998779296875,19758100
2023-05-15,304.6152038574219,309.4599914550781,309.8999938964844,307.5899963378906,309.1000061035156,16336500
2023-05-16,306.8594970703125,311.739990234375,313.7099914550781,309.8299865722656,309.8299865722656,26730300
2023-05-17,309.7597961425781,314.0,314.42999267578125,310.739990234375,312.2900085449219,24315000
2023-05-18,314.2187805175781,318.5199890136719,319.0400085449219,313.7200012207031,314.5299987792969,27276000
2023-05-19,314.0411682128906,318.3399963378906,318.75,316.3699951171875,316.739990234375,27529500
2023-05-22,316.8428649902344,321.17999267578125,322.5899963378906,318.010009765625,318.6000061035156,24115700
2023-05-23,311.0028381347656,315.260009765625,322.7200012207031,315.25,320.0299987792969,30797200
2023-05-24,309.61187744140625,313.8500061035156,316.5,312.6099853515625,314.7300109863281,23384900
2023-05-25,321.51885986328125,325.9200134277344,326.8999938964844,320.0,323.239990234375,43301700
2023-05-26,328.3947448730469,332.8900146484375,333.3999938964844,323.8800048828125,324.0199890136719,36630600
2023-05-30,326.7373962402344,331.2099914550781,335.739990234375,330.5199890136719,335.2300109863281,29503100
2023-05-31,323.95550537109375,328.3900146484375,335.94000244140625,327.3299865722656,332.2900085449219,45950600
2023-06-01,328.08892822265625,332.5799865722656,333.5299987792969,324.7200012207031,325.92999267578125,26773900
2023-06-02,330.870849609375,335.3999938964844,337.5,332.54998779296875,334.25,25864000
2023-06-05,331.4035339355469,335.94000244140625,338.55999755859375,334.6600036621094,335.2200012207031,21307100
2023-06-06,329.174072265625,333.67999267578125,335.3699951171875,332.1700134277344,335.3299865722656,20396200
2023-06-07,319.0131530761719,323.3800048828125,334.489990234375,322.5,331.6499938964844,40717100
2023-06-08,320.8677673339844,325.260009765625,326.6400146484375,323.3500061035156,323.94000244140625,23277700
2023-06-09,322.3771057128906,326.7900085449219,329.989990234375,324.4100036621094,324.989990234375,22514900
2023-06-12,327.3687438964844,331.8500061035156,332.1000061035156,325.1600036621094,328.5799865722656,24260300
2023-06-13,329.7758483886719,334.2900085449219,336.9800109863281,330.3900146484375,334.4700012207031,22951300
2023-06-14,332.7846374511719,337.3399963378906,339.0400085449219,332.80999755859375,334.3399963378906,26003800
2023-06-15,343.3992919921875,348.1000061035156,349.8399963378906,337.20001220703125,337.4800109863281,38899100
2023-06-16,337.7072448730469,342.3299865722656,351.4700012207031,341.95001220703125,351.32000732421875,46533600
2023-06-20,333.4850158691406,338.04998779296875,342.0799865722656,335.8599853515625,339.30999755859375,26375400
2023-06-21,329.0556640625,333.55999755859375,337.7300109863281,332.07000732421875,336.3699951171875,25117800
2023-06-22,335.1226501464844,339.7099914550781,340.1199951171875,333.3399963378906,334.1199951171875,23556800
2023-06-23,330.4960021972656,335.0199890136719,337.9599914550781,333.45001220703125,334.3599853515625,23084700
2023-06-26,324.1627197265625,328.6000061035156,336.1099853515625,328.489990234375,333.7200012207031,21520600
2023-06-27,330.0520935058594,334.57000732421875,336.1499938964844,329.29998779296875,331.8599853515625,24354100
2023-06-28,331.3147277832031,335.8500061035156,337.9800109863281,333.80999755859375,334.6600036621094,20259500
2023-06-29,330.52557373046875,335.04998779296875,336.1099853515625,332.6199951171875,334.7099914550781,16997000
2023-06-30,335.94146728515625,340.5400085449219,342.7300109863281,337.20001220703125,337.75,26823800
2023-07-03,333.42584228515625,337.989990234375,340.8999938964844,336.57000732421875,339.19000244140625,12508700
2023-07-05,333.5837097167969,338.1499938964844,341.6499938964844,334.7300109863281,335.0899963378906,18172400
2023-07-06,336.66156005859375,341.2699890136719,342.989990234375,335.5,337.29998779296875,28161200
2023-07-07,332.666259765625,337.2200012207031,341.7900085449219,337.0,339.32000732421875,21185300
2023-07-10,327.3489990234375,331.8299865722656,335.2300109863281,327.5899963378906,334.6000061035156,32791400
2023-07-11,327.9803771972656,332.4700012207031,332.8599853515625,327.0,331.05999755859375,26698200
2023-07-12,332.6465148925781,337.20001220703125,341.6499938964844,335.6700134277344,336.6000061035156,29995300
2023-07-13,338.03277587890625,342.6600036621094,343.739990234375,339.0199890136719,339.55999755859375,20567200
2023-07-14,340.5779724121094,345.239990234375,351.42999267578125,344.30999755859375,347.5899963378906,28302200
2023-07-17,341.06134033203125,345.7300109863281,346.989990234375,342.20001220703125,345.67999267578125,20363900
2023-07-18,354.6355285644531,359.489990234375,366.7799987792969,342.1700134277344,345.8299865722656,64872700
2023-07-19,350.2850646972656,355.0799865722656,362.4599914550781,352.44000244140625,361.75,39732900
2023-07-20,342.1859436035156,346.8699951171875,357.9700012207031,345.3699951171875,353.57000732421875,33778400
2023-07-21,339.1278381347656,343.7699890136719,350.29998779296875,339.8299865722656,349.1499938964844,69368900
2023-07-24,340.44970703125,345.1099853515625,346.9200134277344,342.30999755859375,345.8500061035156,26678100
2023-07-25,346.240478515625,350.9800109863281,351.8900146484375,345.07000732421875,347.1099853515625,41637700
2023-07-26,333.2088317871094,337.7699890136719,344.6700134277344,333.1099853515625,341.44000244140625,58383700
2023-07-27,326.2540588378906,330.7200012207031,341.3299865722656,329.04998779296875,340.4800109863281,39635300
2023-07-28,333.8007507324219,338.3699951171875,340.010009765625,333.1700134277344,333.6700134277344,28484900
2023-07-31,331.3838195800781,335.9200134277344,337.70001220703125,333.3599853515625,336.9200134277344,25446000
2023-08-01,331.7981872558594,336.3399963378906,338.5400085449219,333.70001220703125,335.19000244140625,18311900
2023-08-02,323.0775146484375,327.5,333.6300048828125,326.3599853515625,333.6300048828125,27761300
2023-08-03,322.2489013671875,326.6600036621094,329.8800048828125,325.95001220703125,326.0,18253700
2023-08-04,323.3537292480469,327.7799987792969,335.1400146484375,327.239990234375,331.8800048828125,23727700
2023-08-07,325.65228271484375,330.1099853515625,331.1099853515625,327.5199890136719,328.3699951171875,17741500
2023-08-08,321.6470947265625,326.04998779296875,328.75,323.0,326.9599914550781,22327600
2023-08-09,317.87872314453125,322.2300109863281,327.1099853515625,321.04998779296875,326.4700012207031,22373300
2023-08-10,318.5692138671875,322.92999267578125,328.260009765625,321.17999267578125,326.0199890136719,20113700
2023-08-11,316.6751708984375,321.010009765625,322.4100036621094,319.2099914550781,320.260009765625,24342600
2023-08-14,319.6642150878906,324.0400085449219,324.05999755859375,320.0799865722656,321.3900146484375,18836100
2023-08-15,317.5136413574219,321.8599853515625,325.0899963378906,320.8999938964844,323.0,16966300
2023-08-16,316.7425842285156,320.3999938964844,324.4200134277344,319.79998779296875,320.79998779296875,20698900
2023-08-17,313.2627868652344,316.8800048828125,321.8699951171875,316.2099914550781,320.5400085449219,21257200
2023-08-18,312.86737060546875,316.4800109863281,318.3800048828125,311.54998779296875,314.489990234375,24744800
2023-08-21,318.2056884765625,321.8800048828125,322.7699890136719,317.0400085449219,317.92999267578125,24040000
2023-08-22,318.7790832519531,322.4599914550781,326.0799865722656,321.4599914550781,325.5,16102000
2023-08-23,323.2672424316406,327.0,329.20001220703125,323.4599914550781,323.82000732421875,21166400
2023-08-24,316.3175048828125,319.9700012207031,332.9800109863281,319.9599914550781,332.8500061035156,23281400
2023-08-25,319.29315185546875,322.9800109863281,325.3599853515625,318.79998779296875,321.4700012207031,21684100
2023-08-28,320.0049133300781,323.70001220703125,326.1499938964844,321.7200012207031,325.6600036621094,14808500
2023-08-29,324.6611328125,328.4100036621094,328.9800109863281,321.8800048828125,321.8800048828125,19284600
2023-08-30,325.03680419921875,328.7900085449219,329.80999755859375,326.45001220703125,328.6700134277344,15222100
2023-08-31,324.0185852050781,327.760009765625,330.9100036621094,326.7799987792969,329.20001220703125,26411000
2023-09-01,324.9082946777344,328.6600036621094,331.989990234375,326.7799987792969,331.30999755859375,14931200
2023-09-05,329.7424621582031,333.54998779296875,334.8500061035156,328.6600036621094,329.0,18553900
2023-09-06,329.0801696777344,332.8800048828125,334.4599914550781,330.17999267578125,333.3800048828125,17535800
2023-09-07,326.14404296875,329.9100036621094,333.0799865722656,329.0299987792969,331.2900085449219,18381000
2023-09-08,330.4542541503906,334.2699890136719,336.1600036621094,329.4599914550781,330.0899963378906,19530100
2023-09-11,334.0823669433594,337.94000244140625,338.4200134277344,335.42999267578125,337.239990234375,16583300
2023-09-12,327.9827880859375,331.7699890136719,336.7900085449219,331.4800109863281,335.82000732421875,17565500
2023-09-13,332.2237854003906,336.05999755859375,336.8500061035156,331.1700134277344,331.30999755859375,16544400
2023-09-14,334.8337097167969,338.70001220703125,340.8599853515625,336.57000732421875,339.1499938964844,20267000
2023-09-15,326.4505310058594,330.2200012207031,337.3999938964844,329.6499938964844,336.9200134277344,37666900
2023-09-18,325.3037414550781,329.05999755859375,330.3999938964844,326.3599853515625,327.79998779296875,16834200
2023-09-19,324.8984069824219,328.6499938964844,329.3900146484375,324.510009765625,326.1700134277344,16505900
2023-09-20,317.1083068847656,320.7699890136719,329.5899963378906,320.510009765625,329.510009765625,21436500
2023-09-21,315.88250732421875,319.5299987792969,325.3500061035156,315.0,319.260009765625,35529500
2023-09-22,313.3913269042969,317.010009765625,321.45001220703125,316.1499938964844,321.32000732421875,21447900
2023-09-25,313.915283203125,317.5400085449219,317.6700134277344,315.0,316.5899963378906,17836000
2023-09-26,308.5768737792969,312.1400146484375,315.8800048828125,310.0199890136719,315.1300048828125,26297600
2023-09-27,309.219482421875,312.7900085449219,314.29998779296875,309.69000244140625,312.29998779296875,19410100
2023-09-28,310.0597839355469,313.6400146484375,315.4800109863281,309.45001220703125,310.989990234375,19683600
2023-09-29,312.1456604003906,315.75,319.4700012207031,314.9800109863281,317.75,24140300
2023-10-02,318.1265869140625,321.79998779296875,321.8900146484375,315.17999267578125,316.2799987792969,20570000
2023-10-03,309.8126220703125,313.3900146484375,321.3900146484375,311.2099914550781,320.8299865722656,21033500
2023-10-04,315.31903076171875,318.9599914550781,320.0400085449219,314.0,314.0299987792969,20720100
2023-10-05,315.7144470214844,319.3599853515625,319.9800109863281,314.8999938964844,319.0899963378906,16965600
2023-10-06,323.5242614746094,327.260009765625,329.19000244140625,316.29998779296875,316.54998779296875,25645500
2023-10-09,326.0550537109375,329.82000732421875,330.29998779296875,323.17999267578125,324.75,19891200
2023-10-10,324.6413879394531,328.3900146484375,331.1000061035156,327.6700134277344,330.9599914550781,20557100
2023-10-11,328.62542724609375,332.4200134277344,332.82000732421875,329.1400146484375,331.2099914550781,20063200
2023-10-12,327.3797607421875,331.1600036621094,333.6300048828125,328.7200012207031,330.57000732421875,19313100
2023-10-13,323.9889221191406,327.7300109863281,333.8299865722656,326.3599853515625,332.3800048828125,21072400
2023-10-16,328.8428649902344,332.6400146484375,336.1400146484375,330.6000061035156,331.04998779296875,22158000
2023-10-17,328.2695007324219,332.05999755859375,333.4599914550781,327.4100036621094,329.5899963378906,18338500
2023-10-18,326.3417663574219,330.1099853515625,335.5899963378906,328.29998779296875,332.489990234375,23153600
2023-10-19,327.5379333496094,331.32000732421875,336.8800048828125,330.9100036621094,332.1499938964844,25052100
2023-10-20,322.9410400390625,326.6700134277344,331.9200134277344,325.45001220703125,331.7200012207031,25012600
2023-10-23,325.560791015625,329.32000732421875,332.7300109863281,324.3900146484375,325.4700012207031,24374700
2023-10-24,326.7569274902344,330.5299987792969,331.8399963378906,327.6000061035156,331.29998779296875,31153600
2023-10-25,336.78125,340.6700134277344,346.20001220703125,337.6199951171875,345.0199890136719,55053800
2023-10-26,324.1471252441406,327.8900146484375,341.6300048828125,326.94000244140625,340.5400085449219,37828500
2023-10-27,326.0451965332031,329.80999755859375,336.7200012207031,328.3999938964844,330.42999267578125,29856500
2023-10-30,333.4595642089844,337.30999755859375,339.45001220703125,331.8299865722656,333.4100036621094,22828100
2023-10-31,334.25042724609375,338.1099853515625,339.0,334.69000244140625,338.8500061035156,20265300
2023-11-01,342.11956787109375,346.07000732421875,347.4200134277344,339.6499938964844,339.7900085449219,28158800
2023-11-02,344.3439025878906,348.32000732421875,348.8299865722656,344.7699890136719,347.239990234375,24348100
2023-11-03,348.7727355957031,352.79998779296875,354.3900146484375,347.3299865722656,349.6300048828125,23624000
2023-11-06,352.4601745605469,356.5299987792969,357.5400085449219,353.3500061035156,353.45001220703125,23828300
2023-11-07,356.4145202636719,360.5299987792969,362.4599914550781,357.6300048828125,359.3999938964844,25833900
2023-11-08,359.05401611328125,363.20001220703125,363.8699951171875,360.54998779296875,361.67999267578125,26767800
2023-11-09,356.5726623535156,360.69000244140625,364.7900085449219,360.3599853515625,362.29998779296875,24847300
2023-11-10,365.4501953125,369.6700134277344,370.1000061035156,361.07000732421875,361.489990234375,28042100
2023-11-13,362.4942932128906,366.67999267578125,368.4700012207031,365.8999938964844,368.2200012207031,19986500
2023-11-14,366.0433044433594,370.2699890136719,371.95001220703125,367.3500061035156,371.010009765625,27683900
2023-11-15,366.1919250488281,369.6700134277344,373.1300048828125,367.1099853515625,371.2799987792969,26860100
2023-11-16,372.6307678222656,376.1700134277344,376.3500061035156,370.17999267578125,370.9599914550781,27182300
2023-11-17,366.3702087402344,369.8500061035156,374.3699951171875,367.0,373.6099853515625,40157000
2023-11-20,373.8887939453125,377.44000244140625,378.8699951171875,371.0,371.2200012207031,52465100
2023-11-21,369.5599060058594,373.07000732421875,376.2200012207031,371.1199951171875,375.6700134277344,28423100
2023-11-22,374.2949523925781,377.8500061035156,379.7900085449219,374.9700012207031,378.0,23345300
2023-11-24,373.8788757324219,377.42999267578125,377.9700012207031,375.1400146484375,377.3299865722656,10176600
2023-11-27,375.04779052734375,378.6099853515625,380.6400146484375,376.20001220703125,376.7799987792969,22179200
2023-11-28,379.0993347167969,382.70001220703125,383.0,378.1600036621094,378.3500061035156,20453100
2023-11-29,375.2855224609375,378.8500061035156,384.29998779296875,377.44000244140625,383.760009765625,28963400
2023-11-30,375.3450012207031,378.9100036621094,380.0899963378906,375.4700012207031,378.489990234375,30554400
2023-12-01,370.98638916015625,374.510009765625,378.1600036621094,371.30999755859375,376.760009765625,33020400
2023-12-04,365.6669006347656,369.1400146484375,369.5199890136719,362.8999938964844,369.1000061035156,32063300
2023-12-05,369.01507568359375,372.5199890136719,373.0799865722656,365.6199951171875,366.45001220703125,23065000
2023-12-06,365.330078125,368.79998779296875,374.17999267578125,368.0299987792969,373.5400085449219,21182100
2023-12-07,367.4598693847656,370.95001220703125,371.45001220703125,366.32000732421875,368.2300109863281,23118900
2023-12-08,370.708984375,374.2300109863281,374.4599914550781,368.2300109863281,369.20001220703125,20144800
2023-12-11,367.8065490722656,371.29998779296875,371.6000061035156,366.1000061035156,368.4800109863281,27708800
2023-12-12,370.85760498046875,374.3800048828125,374.4200134277344,370.4599914550781,370.8500061035156,24838300
2023-12-13,370.84765625,374.3699951171875,377.6400146484375,370.7699890136719,376.0199890136719,30955500
2023-12-14,362.4870910644531,365.92999267578125,373.760009765625,364.1300048828125,373.30999755859375,43277500
2023-12-15,367.241943359375,370.7300109863281,372.3999938964844,366.2799987792969,366.8500061035156,78478200
2023-12-18,369.14385986328125,372.6499938964844,373.0,368.67999267578125,369.45001220703125,21802900
2023-12-19,369.7481689453125,373.260009765625,373.260009765625,369.8399963378906,371.489990234375,20603700
2023-12-20,367.1329345703125,370.6199951171875,376.0299987792969,370.5299987792969,375.0,26316700
2023-12-21,370.0255126953125,373.5400085449219,374.4100036621094,370.0400085449219,372.55999755859375,17708000
2023-12-22,371.0556945800781,374.5799865722656,375.17999267578125,372.7099914550781,373.67999267578125,17091100
2023-12-26,371.13494873046875,374.6600036621094,376.94000244140625,373.5,375.0,12673100
2023-12-27,370.550537109375,374.07000732421875,375.05999755859375,372.80999755859375,373.69000244140625,14905400
2023-12-28,371.74908447265625,375.2799987792969,376.4599914550781,374.1600036621094,375.3699951171875,14327000
2023-12-29,372.50201416015625,376.0400085449219,377.1600036621094,373.4800109863281,376.0,18723000
2024-01-02,367.3805847167969,370.8699951171875,375.8999938964844,366.7699890136719,373.8599853515625,25258600
2024-01-03,367.1131591796875,370.6000061035156,373.260009765625,368.510009765625,369.010009765625,23083500
2024-01-04,364.4781799316406,367.94000244140625,373.1000061035156,367.1700134277344,370.6700134277344,20901500
2024-01-05,364.28997802734375,367.75,372.05999755859375,366.5,368.9700012207031,20987000
2024-01-08,371.1646728515625,374.69000244140625,375.20001220703125,369.010009765625,369.29998779296875,23134000
2024-01-09,372.25433349609375,375.7900085449219,375.989990234375,371.19000244140625,372.010009765625,20830000
2024-01-10,379.16864013671875,382.7699890136719,384.1700134277344,376.32000732421875,376.3699951171875,25514200
2024-01-11,381.0111389160156,384.6300048828125,390.67999267578125,380.3800048828125,386.0,27850800
2024-01-12,384.81500244140625,388.4700012207031,388.67999267578125,384.6499938964844,385.489990234375,21645700
2024-01-16,386.5980529785156,390.2699890136719,394.0299987792969,387.6199951171875,393.6600036621094,27202300
2024-01-17,385.80560302734375,389.4700012207031,390.1099853515625,384.80999755859375,387.9800109863281,22234100
2024-01-18,390.1642150878906,393.8699951171875,393.989990234375,390.1199951171875,391.7200012207031,23392100
2024-01-19,394.91912841796875,398.6700134277344,398.6700134277344,393.5,395.760009765625,29272000
2024-01-22,392.7793884277344,396.510009765625,400.6199951171875,393.5899963378906,400.0199890136719,27016900
2024-01-23,395.14691162109375,398.8999938964844,399.3800048828125,393.92999267578125,395.75,20525900
2024-01-24,398.7724304199219,402.55999755859375,405.6300048828125,400.45001220703125,401.5400085449219,24867000
2024-01-25,401.06072998046875,404.8699951171875,407.010009765625,402.5299987792969,404.32000732421875,21021200
2024-01-26,400.12957763671875,403.92999267578125,406.1700134277344,402.42999267578125,404.3699951171875,17803300
2024-01-29,405.86505126953125,409.7200012207031,409.9800109863281,404.3299865722656,406.05999755859375,24510200
2024-01-30,404.7457275390625,408.5899963378906,413.04998779296875,406.45001220703125,412.260009765625,33477600
2024-01-31,393.8393249511719,397.5799865722656,415.32000732421875,397.2099914550781,406.9599914550781,47871100
2024-02-01,399.9809875488281,403.7799987792969,408.0,401.79998779296875,401.8299865722656,30657700
2024-02-02,407.3509826660156,411.2200012207031,412.6499938964844,403.55999755859375,403.80999755859375,28245000
2024-02-05,401.8333740234375,405.6499938964844,411.1600036621094,403.989990234375,409.8999938964844,25352300
2024-02-06,401.6748962402344,405.489990234375,407.9700012207031,402.9100036621094,405.8800048828125,18382600
2024-02-07,410.1543273925781,414.04998779296875,414.29998779296875,407.3999938964844,407.44000244140625,22340500
2024-02-08,410.2137756347656,414.1099853515625,415.55999755859375,412.5299987792969,414.04998779296875,21225300
2024-02-09,416.5931396484375,420.54998779296875,420.82000732421875,415.0899963378906,415.25,22032800
2024-02-12,411.3529968261719,415.260009765625,420.739990234375,414.75,420.55999755859375,21202900
2024-02-13,402.4971008300781,406.32000732421875,410.07000732421875,403.3900146484375,404.94000244140625,27824900
2024-02-14,406.3873596191406,409.489990234375,409.8399963378906,404.57000732421875,408.07000732421875,20401200
2024-02-15,403.4795837402344,406.55999755859375,409.1300048828125,404.2900085449219,408.1400146484375,21825500
2024-02-16,400.9985046386719,404.05999755859375,408.2900085449219,403.44000244140625,407.9599914550781,22281100
2024-02-20,399.7381591796875,402.7900085449219,404.489990234375,398.010009765625,403.239990234375,24307900
2024-02-21,399.1327819824219,402.17999267578125,402.2900085449219,397.2200012207031,400.1700134277344,18631100
2024-02-22,408.531005859375,411.6499938964844,412.8299865722656,408.57000732421875,410.19000244140625,27009900
2024-02-23,407.2309265136719,410.3399963378906,415.8599853515625,408.9700012207031,415.6700134277344,16295900
2024-02-26,404.4521789550781,407.5400085449219,412.1600036621094,407.3599853515625,411.4599914550781,16193500
2024-02-27,404.39263916015625,407.4800109863281,408.32000732421875,403.8500061035156,407.989990234375,14835800
2024-02-28,404.6307678222656,407.7200012207031,409.29998779296875,405.32000732421875,408.17999267578125,13183100
2024-02-29,410.5059509277344,413.6400146484375,414.20001220703125,405.9200134277344,408.6400146484375,31947300
2024-03-01,412.3518371582031,415.5,415.8699951171875,410.8800048828125,411.2699890136719,17800300
2024-03-04,411.7762756347656,414.9200134277344,417.3500061035156,412.32000732421875,413.44000244140625,17596000
2024-03-05,399.59918212890625,402.6499938964844,414.25,400.6400146484375,413.9599914550781,26919200
2024-03-06,399.04345703125,402.0899963378906,405.1600036621094,398.3900146484375,402.9700012207031,22344100
2024-03-07,406.0400695800781,409.1400146484375,409.7799987792969,402.239990234375,406.1199951171875,18718500
2024-03-08,403.14215087890625,406.2200012207031,410.4200134277344,404.3299865722656,407.9599914550781,17971700
2024-03-11,401.4550476074219,404.5199890136719,405.67999267578125,401.260009765625,403.760009765625,16120800
2024-03-12,412.13348388671875,415.2799987792969,415.57000732421875,406.7900085449219,407.6199951171875,22457000
2024-03-13,411.9548645019531,415.1000061035156,418.17999267578125,411.45001220703125,418.1000061035156,17115900
2024-03-14,421.9981689453125,425.2200012207031,427.82000732421875,417.989990234375,420.239990234375,34157300
2024-03-15,413.2648620605469,416.4200134277344,422.6000061035156,412.7900085449219,419.2900085449219,45049800
2024-03-18,414.15802001953125,417.32000732421875,420.7300109863281,413.7799987792969,414.25,20106000
2024-03-19,418.2170715332031,421.4100036621094,421.6700134277344,415.54998779296875,417.8299865722656,19837900
2024-03-20,422.0081481933594,425.2300109863281,425.9599914550781,420.6600036621094,422.0,17860100
2024-03-21,426.11676025390625,429.3699951171875,430.82000732421875,427.1600036621094,429.8299865722656,21296200
2024-03-22,425.4915466308594,428.739990234375,429.8599853515625,426.07000732421875,429.70001220703125,17636500
2024-03-25,419.65606689453125,422.8599853515625,427.4100036621094,421.6099853515625,425.239990234375,18060500
2024-03-26,418.4552001953125,421.6499938964844,425.989990234375,421.3500061035156,425.6099853515625,16725600
2024-03-27,418.23687744140625,421.42999267578125,424.45001220703125,419.010009765625,424.44000244140625,16705000
2024-03-28,417.53228759765625,420.7200012207031,421.8699951171875,419.1199951171875,420.9599914550781,21871200
2024-04-01,421.3531188964844,424.57000732421875,427.8900146484375,422.2200012207031,423.95001220703125,16316000
2024-04-02,418.2468566894531,421.44000244140625,422.3800048828125,417.8399963378906,420.1099853515625,17912000
2024-04-03,417.26434326171875,420.45001220703125,423.260009765625,419.0899963378906,419.7300109863281,16502300
2024-04-04,414.71380615234375,417.8800048828125,428.6700134277344,417.57000732421875,424.989990234375,19370900
2024-04-05,422.2959289550781,425.5199890136719,426.510009765625,418.32000732421875,420.010009765625,16544300
2024-04-08,421.3729553222656,424.5899963378906,427.2799987792969,423.29998779296875,425.1700134277344,14272400
2024-04-09,423.0501708984375,426.2799987792969,427.739990234375,421.6199951171875,426.44000244140625,12512300
2024-04-10,420.05303955078125,423.260009765625,424.0299987792969,419.70001220703125,422.19000244140625,16216600
2024-04-11,424.6876525878906,427.92999267578125,429.3699951171875,422.3599853515625,425.82000732421875,17966400
2024-04-12,418.703369140625,421.8999938964844,425.17999267578125,419.7699890136719,424.04998779296875,19232100
2024-04-15,410.5059509277344,413.6400146484375,426.82000732421875,413.42999267578125,426.6000061035156,20273500
2024-04-16,411.4388122558594,414.5799865722656,418.3999938964844,413.7300109863281,414.57000732421875,16765600
2024-04-17,408.7195739746094,411.8399963378906,418.8800048828125,410.3299865722656,417.25,15855500
2024-04-18,401.2069091796875,404.2699890136719,411.8900146484375,403.95001220703125,410.6300048828125,21029900
2024-04-19,396.095947265625,399.1199951171875,405.4800109863281,397.7699890136719,404.0299987792969,30276500
2024-04-22,397.9219665527344,400.9599914550781,402.8500061035156,395.75,400.0799865722656,20286900
2024-04-23,404.48193359375,407.57000732421875,408.20001220703125,403.05999755859375,404.239990234375,15734500
2024-04-24,405.96063232421875,409.05999755859375,412.4700012207031,406.7799987792969,409.55999755859375,15065300
2024-04-25,396.0165710449219,399.0400085449219,399.8900146484375,388.0299987792969,394.0299987792969,40586500
2024-04-26,403.2414245605469,406.32000732421875,413.0,405.760009765625,412.1700134277344,29694700
2024-04-29,399.2022705078125,402.25,406.32000732421875,399.19000244140625,405.25,19582100
2024-04-30,386.380126953125,389.3299865722656,402.1600036621094,389.1700134277344,401.489990234375,28781400
2024-05-01,391.9476318359375,394.94000244140625,401.7200012207031,390.30999755859375,392.6099853515625,23562500
2024-05-02,394.8256530761719,397.8399963378906,399.92999267578125,394.6499938964844,397.6600036621094,17709400
2024-05-03,403.5788269042969,406.6600036621094,407.1499938964844,401.8599853515625,402.2799987792969,17446700
2024-05-06,410.4067077636719,413.5400085449219,413.92999267578125,406.3699951171875,408.760009765625,16996600
2024-05-07,406.238525390625,409.3399963378906,414.6700134277344,409.0899963378906,414.6600036621094,20018200
2024-05-08,407.429443359375,410.5400085449219,412.2300109863281,406.7099914550781,408.1700134277344,11792300
2024-05-09,409.1959228515625,412.32000732421875,412.7200012207031,409.1000061035156,410.57000732421875,14689700
2024-05-10,411.59759521484375,414.739990234375,415.3800048828125,411.79998779296875,412.94000244140625,13402300
2024-05-13,410.5852966308594,413.7200012207031,418.3500061035156,410.82000732421875,418.010009765625,15440200
2024-05-14,413.40380859375,416.55999755859375,417.489990234375,411.54998779296875,412.0199890136719,15109300
2024-05-15,420.6317443847656,423.0799865722656,423.80999755859375,417.2699890136719,417.8999938964844,22239500
2024-05-16,418.5538635253906,420.989990234375,425.4200134277344,420.3500061035156,421.79998779296875,17530100
2024-05-17,417.7783508300781,420.2099914550781,422.9200134277344,418.0299987792969,422.5400085449219,15352200
2024-05-20,422.8786315917969,425.3399963378906,426.7699890136719,419.989990234375,420.2099914550781,16272100
2024-05-21,426.5572814941406,429.0400085449219,432.9700012207031,424.8500061035156,426.8299865722656,21453300
2024-05-22,428.0286865234375,430.5199890136719,432.4100036621094,427.1300048828125,430.0899963378906,18073700
2024-05-23,424.5290832519531,427.0,433.6000061035156,425.4200134277344,432.9700012207031,17211700
2024-05-24,427.6707763671875,430.1600036621094,431.05999755859375,424.4100036621094,427.19000244140625,11845800
2024-05-28,427.8298645019531,430.32000732421875,430.82000732421875,426.6000061035156,429.6300048828125,15718000
2024-05-29,426.6864929199219,429.1700134277344,430.94000244140625,425.69000244140625,425.69000244140625,15517100
2024-05-30,412.2704162597656,414.6700134277344,424.29998779296875,414.239990234375,424.29998779296875,28424800
2024-05-31,412.7277526855469,415.1300048828125,416.75,404.510009765625,416.75,47995300
2024-06-03,411.1270751953125,413.5199890136719,416.42999267578125,408.9200134277344,415.5299987792969,17484700
2024-06-04,413.6623229980469,416.07000732421875,416.44000244140625,409.67999267578125,412.42999267578125,14348900
2024-06-05,421.5563659667969,424.010009765625,424.0799865722656,416.29998779296875,417.80999755859375,16988000
2024-06-06,422.0633850097656,424.5199890136719,425.30999755859375,420.5799865722656,424.010009765625,14861300
2024-06-07,421.3973083496094,423.8500061035156,426.2799987792969,423.0,426.20001220703125,13621700
2024-06-10,425.39404296875,427.8699951171875,428.0799865722656,423.8900146484375,424.70001220703125,14003000
2024-06-11,430.1761779785156,432.67999267578125,432.82000732421875,425.25,425.4800109863281,14551100
2024-06-12,438.5076904296875,441.05999755859375,443.3999938964844,433.25,435.32000732421875,22366200
2024-06-13,439.0246887207031,441.5799865722656,443.3900146484375,439.3699951171875,440.8500061035156,15960600
2024-06-14,440.00897216796875,442.57000732421875,443.1400146484375,436.7200012207031,438.2799987792969,13582000
2024-06-17,445.775390625,448.3699951171875,450.94000244140625,440.7200012207031,442.5899963378906,20790000
2024-06-18,443.75714111328125,446.3399963378906,450.1400146484375,444.8900146484375,449.7099914550781,17112500
2024-06-20,443.120849609375,445.70001220703125,446.5299987792969,441.2699890136719,446.29998779296875,19877400
2024-06-21,447.17724609375,449.7799987792969,450.5799865722656,446.510009765625,447.3800048828125,34486200
2024-06-24,445.0794677734375,447.6700134277344,452.75,446.4100036621094,449.79998779296875,15913700
2024-06-25,448.3404541015625,450.95001220703125,451.4200134277344,446.75,448.25,16747500
2024-06-26,449.54345703125,452.1600036621094,453.6000061035156,448.19000244140625,449.0,16507000
2024-06-27,450.2294921875,452.8500061035156,456.1700134277344,451.7699890136719,452.17999267578125,14806300
2024-06-28,444.3636169433594,446.95001220703125,455.3800048828125,446.4100036621094,453.07000732421875,28362300
2024-07-01,454.0870361328125,456.7300109863281,457.3699951171875,445.6600036621094,448.6600036621094,17662800
2024-07-02,456.62225341796875,459.2799987792969,459.5899963378906,453.1099853515625,453.20001220703125,13979800
2024-07-03,458.1036376953125,460.7699890136719,461.0199890136719,457.8800048828125,458.19000244140625,9932800
2024-07-05,464.8543395996094,467.55999755859375,468.3500061035156,458.9700012207031,459.6099853515625,16000300
2024-07-08,463.5419921875,466.239990234375,467.70001220703125,464.4599914550781,466.54998779296875,12962300
2024-07-09,456.8807678222656,459.5400085449219,467.3299865722656,458.0,467.0,17207200
2024-07-10,463.55194091796875,466.25,466.4599914550781,458.8599853515625,461.2200012207031,18196100
2024-07-11,452.0687561035156,454.70001220703125,464.7799987792969,451.54998779296875,462.9800109863281,23111200
2024-07-12,450.9254150390625,453.54998779296875,456.3599853515625,450.6499938964844,454.3299865722656,16324300
2024-07-15,451.33306884765625,453.9599914550781,457.260009765625,451.42999267578125,453.29998779296875,14429400
2024-07-16,446.9187316894531,449.5199890136719,454.29998779296875,446.6600036621094,454.2200012207031,17175700
2024-07-17,440.9534606933594,443.5199890136719,444.8500061035156,439.17999267578125,442.5899963378906,21778000
2024-07-18,437.82171630859375,440.3699951171875,444.6499938964844,434.3999938964844,444.3399963378906,20794800
2024-07-19,434.5805358886719,437.1099853515625,441.1400146484375,432.0,433.1000061035156,20940400
2024-07-22,440.3768310546875,442.94000244140625,444.6000061035156,438.9100036621094,441.7900085449219,15808800
2024-07-23,442.2757873535156,444.8500061035156,448.3900146484375,443.1000061035156,443.8999938964844,13107100
2024-07-24,426.4180603027344,428.8999938964844,441.4800109863281,427.5899963378906,440.45001220703125,26805800
2024-07-25,415.9788513183594,418.3999938964844,429.79998779296875,417.510009765625,428.79998779296875,29943800
2024-07-26,422.8090515136719,425.2699890136719,428.9200134277344,417.2699890136719,418.20001220703125,23583800
2024-07-29,424.2606506347656,426.7300109863281,432.1499938964844,424.70001220703125,431.5799865722656,15125800
2024-07-30,420.47265625,422.9200134277344,429.04998779296875,417.3599853515625,427.7200012207031,32687600
2024-07-31,415.92913818359375,418.3500061035156,421.7799987792969,412.2099914550781,420.5,42891400
2024-08-01,414.6962585449219,417.1099853515625,427.4599914550781,413.0899963378906,420.7900085449219,30296400
2024-08-02,406.12615966796875,408.489990234375,415.0,404.3399963378906,412.489990234375,29437900
2024-08-05,392.8633728027344,395.1499938964844,401.0400085449219,385.5799865722656,389.1700134277344,40709200
2024-08-06,397.29754638671875,399.6099853515625,405.6700134277344,398.5,400.0,24946500
2024-08-07,396.1243591308594,398.42999267578125,410.0799865722656,397.4700012207031,408.6400146484375,20650900
2024-08-08,400.3597412109375,402.69000244140625,405.8599853515625,399.94000244140625,402.44000244140625,20203000
2024-08-09,403.67047119140625,406.0199890136719,408.04998779296875,402.260009765625,404.0299987792969,19276700
2024-08-12,404.4559020996094,406.80999755859375,408.760009765625,404.239990234375,407.05999755859375,16762900
2024-08-13,411.6142578125,414.010009765625,414.95001220703125,409.57000732421875,409.5899963378906,19414300
2024-08-14,414.4477233886719,416.8599853515625,417.7200012207031,412.45001220703125,414.79998779296875,18267000
2024-08-15,419.34808349609375,421.0299987792969,421.1099853515625,417.6600036621094,419.79998779296875,20752100
2024-08-16,416.7983093261719,418.4700012207031,421.3399963378906,417.29998779296875,420.6000061035156,22775600
2024-08-19,419.8460693359375,421.5299987792969,421.75,416.4599914550781,418.9599914550781,15234000
2024-08-20,423.10302734375,424.79998779296875,425.8599853515625,421.6400146484375,421.70001220703125,16387600
2024-08-21,422.4456787109375,424.1400146484375,426.3999938964844,421.7200012207031,424.0799865722656,16067300
2024-08-22,413.88995361328125,415.54998779296875,426.7900085449219,414.6099853515625,424.3599853515625,19361900
2024-08-23,415.1250305175781,416.7900085449219,419.260009765625,412.0899963378906,416.9800109863281,18493800
2024-08-26,411.8382263183594,413.489990234375,417.2799987792969,411.3399963378906,416.3699951171875,13152800
2024-08-27,412.18682861328125,413.8399963378906,414.3599853515625,410.25,412.8599853515625,13492900
2024-08-28,408.9597473144531,410.6000061035156,415.0,407.30999755859375,414.8800048828125,14882700
2024-08-29,411.4696960449219,413.1199951171875,422.04998779296875,410.6000061035156,414.94000244140625,17045200
2024-08-30,415.4736328125,417.1400146484375,417.489990234375,412.1300048828125,415.6000061035156,24308300
2024-09-03,407.80438232421875,409.44000244140625,419.8800048828125,407.0299987792969,417.9100036621094,20313600
2024-09-04,407.26654052734375,408.8999938964844,411.239990234375,404.3699951171875,405.9100036621094,15135800
2024-09-05,406.75860595703125,408.3900146484375,413.1000061035156,406.1300048828125,407.6199951171875,14195500
2024-09-06,400.0953369140625,401.70001220703125,410.6499938964844,400.79998779296875,409.05999755859375,19609500
2024-09-09,404.0992431640625,405.7200012207031,408.6499938964844,402.1499938964844,407.239990234375,15295100
2024-09-10,412.5453796386719,414.20001220703125,416.3299865722656,407.70001220703125,408.20001220703125,19594300
2024-09-11,421.3500671386719,423.0400085449219,423.989990234375,409.5799865722656,415.5,19266900
2024-09-12,425.29425048828125,427.0,427.3699951171875,419.75,423.30999755859375,17418800
2024-09-13,428.869873046875,430.5899963378906,431.8299865722656,425.4599914550781,425.8299865722656,15874600
2024-09-16,429.61688232421875,431.3399963378906,433.5299987792969,428.2200012207031,430.6000061035156,13834700
2024-09-17,433.41168212890625,435.1499938964844,441.8500061035156,432.2699890136719,440.2300109863281,18874200
2024-09-18,429.0890197753906,430.80999755859375,436.0299987792969,430.4100036621094,435.0,18898000
2024-09-19,436.9375305175781,438.69000244140625,441.5,436.8999938964844,441.2300109863281,21706600
2024-09-20,433.53118896484375,435.2699890136719,439.239990234375,434.2200012207031,437.2200012207031,55167100
2024-09-23,431.77825927734375,433.510009765625,436.4599914550781,430.3900146484375,434.2799987792969,15128900
2024-09-24,427.45556640625,429.1700134277344,433.3500061035156,426.1000061035156,433.0,17015800
2024-09-25,430.3838195800781,432.1099853515625,433.1199951171875,428.57000732421875,429.8299865722656,13396400
2024-09-26,429.5870056152344,431.30999755859375,435.29998779296875,429.1300048828125,435.0899963378906,14492000
2024-09-27,426.3101501464844,428.0199890136719,431.8500061035156,427.4700012207031,431.5199890136719,14896100
2024-09-30,428.5810241699219,430.29998779296875,430.4200134277344,425.3699951171875,428.2099914550781,16807300
2024-10-01,419.0094299316406,420.69000244140625,428.4800109863281,418.80999755859375,428.45001220703125,19092900
2024-10-02,415.46368408203125,417.1300048828125,422.82000732421875,416.7099914550781,422.5799865722656,16582300
2024-10-03,414.87603759765625,416.5400085449219,419.54998779296875,414.2900085449219,417.6300048828125,13686400
2024-10-04,414.39794921875,416.05999755859375,419.75,414.9700012207031,418.239990234375,19169700
2024-10-07,407.9040222167969,409.5400085449219,417.1099853515625,409.0,416.0,20919800
2024-10-08,413.0533447265625,414.7099914550781,415.6600036621094,408.1700134277344,410.8999938964844,19229300
2024-10-09,415.7923278808594,417.4599914550781,420.3800048828125,414.29998779296875,415.8599853515625,14974300
2024-10-10,414.1788024902344,415.8399963378906,417.3500061035156,413.1499938964844,415.2300109863281,13848400
2024-10-11,414.65692138671875,416.32000732421875,417.1300048828125,413.25,416.1400146484375,14144900
2024-10-14,417.46563720703125,419.1400146484375,424.0400085449219,417.5199890136719,417.7699890136719,16653100
2024-10-15,417.0672302246094,418.739990234375,422.4800109863281,415.260009765625,422.17999267578125,18900200
2024-10-16,414.45770263671875,416.1199951171875,416.3599853515625,410.4800109863281,415.1700134277344,15508900
2024-10-17,415.0553283691406,416.7200012207031,422.5,415.5899963378906,422.3599853515625,14820000
2024-10-18,416.4895324707031,418.1600036621094,419.6499938964844,416.260009765625,417.1400146484375,17145300
2024-10-21,417.1070861816406,418.7799987792969,418.9599914550781,413.75,416.1199951171875,14206100
2024-10-22,425.8022155761719,427.510009765625,430.5799865722656,418.0400085449219,418.489990234375,25482200
2024-10-23,422.9038391113281,424.6000061035156,431.0799865722656,422.5299987792969,430.8599853515625,19654400
2024-10-24,423.0332946777344,424.7300109863281,425.9800109863281,422.3999938964844,425.3299865722656,13581600
2024-10-25,426.43963623046875,428.1499938964844,432.5199890136719,426.57000732421875,426.760009765625,16899100
2024-10-28,424.8858947753906,426.5899963378906,431.94000244140625,426.29998779296875,431.6600036621094,14882400
2024-10-29,430.2244873046875,431.95001220703125,433.1700134277344,425.79998779296875,428.0,17644100
2024-10-30,430.8021545410156,432.5299987792969,438.5,432.1000061035156,437.44000244140625,29749100
2024-10-31,404.72674560546875,406.3500061035156,416.1600036621094,406.29998779296875,415.3599853515625,53971000
2024-11-01,408.73065185546875,410.3699951171875,415.5,407.5,409.010009765625,24230400
2024-11-04,406.8282775878906,408.4599914550781,410.4200134277344,405.57000732421875,409.79998779296875,19672300
2024-11-05,409.8163146972656,411.4599914550781,414.8999938964844,408.0799865722656,408.3699951171875,17626000
2024-11-06,418.50146484375,420.17999267578125,420.45001220703125,410.5199890136719,412.4200134277344,26681800
2024-11-07,423.73052978515625,425.42999267578125,426.8500061035156,419.8800048828125,421.2799987792969,19901800
2024-11-08,420.85205078125,422.5400085449219,426.5,421.7799987792969,425.32000732421875,16891400
2024-11-11,416.34014892578125,418.010009765625,424.80999755859375,416.0,422.5199890136719,24503300
2024-11-12,421.340087890625,423.0299987792969,424.44000244140625,417.20001220703125,418.25,19401200
2024-11-13,423.50146484375,425.20001220703125,429.3299865722656,418.2099914550781,421.6400146484375,21502200
2024-11-14,425.1846923828125,426.8900146484375,428.1700134277344,420.0,425.0,30246900
2024-11-15,413.3421936035156,415.0,422.79998779296875,413.6400146484375,419.82000732421875,28247600
2024-11-18,414.0991516113281,415.760009765625,418.3999938964844,412.1000061035156,414.8699951171875,24742000
2024-11-19,416.1210632324219,417.7900085449219,417.94000244140625,411.54998779296875,413.1099853515625,18133500
2024-11-20,413.8302001953125,415.489990234375,417.2900085449219,410.5799865722656,416.8699951171875,19191700
2024-11-21,412.0437927246094,412.8699951171875,419.7799987792969,410.2900085449219,419.5,20780200
2024-11-22,416.16552734375,417.0,417.3999938964844,411.05999755859375,411.3699951171875,24814600
2024-11-25,417.95196533203125,418.7900085449219,421.0799865722656,414.8500061035156,418.3800048828125,27691100
2024-11-26,427.133544921875,427.989990234375,429.0400085449219,418.8500061035156,419.5899963378906,23458900
2024-11-27,422.1435546875,422.989990234375,427.2300109863281,422.0199890136719,425.1099853515625,18332400
2024-11-29,422.61260986328125,423.4599914550781,424.8800048828125,417.79998779296875,420.0899963378906,16271900
2024-12-02,430.1175842285156,430.9800109863281,433.0,421.30999755859375,421.57000732421875,20207200
2024-12-03,430.3371276855469,431.20001220703125,432.4700012207031,427.739990234375,429.8399963378906,18302000
2024-12-04,436.544677734375,437.4200134277344,439.6700134277344,432.6300048828125,433.0299987792969,26009400
2024-12-05,441.7342529296875,442.6199951171875,444.6600036621094,436.1700134277344,437.9200134277344,21697800
2024-12-06,442.682373046875,443.57000732421875,446.1000061035156,441.7699890136719,442.29998779296875,18821000
2024-12-09,445.12744140625,446.0199890136719,448.3299865722656,440.5,442.6000061035156,19144400
2024-12-10,442.4428405761719,443.3299865722656,449.6199951171875,441.6000061035156,444.3900146484375,18469500
2024-12-11,448.0915222167969,448.989990234375,450.3500061035156,444.04998779296875,444.04998779296875,19200200
2024-12-12,448.6603698730469,449.55999755859375,456.1600036621094,449.1099853515625,449.1099853515625,20834800
2024-12-13,446.37493896484375,447.2699890136719,451.42999267578125,445.5799865722656,448.44000244140625,20177800
2024-12-16,450.6863098144531,451.5899963378906,452.17999267578125,445.2799987792969,447.2699890136719,23598800
2024-12-17,453.5505676269531,454.4599914550781,455.2900085449219,449.57000732421875,451.010009765625,22733500
2024-12-18,436.5147399902344,437.3900146484375,452.6499938964844,437.0199890136719,451.32000732421875,24444500
2024-12-19,436.15545654296875,437.0299987792969,443.17999267578125,436.32000732421875,441.6199951171875,22963700
2024-12-20,435.726318359375,436.6000061035156,443.739990234375,428.6300048828125,433.1099853515625,64263700
2024-12-23,434.3790283203125,435.25,437.6499938964844,432.8299865722656,436.739990234375,19152500
2024-12-24,438.4508361816406,439.3299865722656,439.6000061035156,434.19000244140625,434.6499938964844,7164500
2024-12-26,437.2332763671875,438.1099853515625,440.94000244140625,436.6300048828125,439.0799865722656,8194200
2024-12-27,429.66845703125,430.5299987792969,435.2200012207031,426.3500061035156,434.6000061035156,18117700
2024-12-30,423.9798583984375,424.8299865722656,427.54998779296875,421.8999938964844,426.05999755859375,13158700
2024-12-31,420.6565246582031,421.5,426.7300109863281,420.6600036621094,426.1000061035156,13246500
2025-01-02,417.74237060546875,418.5799865722656,426.07000732421875,414.8500061035156,425.5299987792969,16896500
2025-01-03,422.5028381347656,423.3500061035156,424.0299987792969,419.5400085449219,421.0799865722656,16662900
2025-01-06,426.99383544921875,427.8500061035156,434.32000732421875,425.4800109863281,428.0,20573600
2025-01-07,421.5247802734375,422.3699951171875,430.6499938964844,420.79998779296875,429.0,18139100
2025-01-08,423.7104187011719,424.55999755859375,426.9700012207031,421.5400085449219,423.4599914550781,15054600
2025-01-10,418.11163330078125,418.95001220703125,424.7099914550781,415.0199890136719,424.6300048828125,20201100
2025-01-13,416.35516357421875,417.19000244140625,418.5,412.2900085449219,415.239990234375,17604800
2025-01-14,414.8382263183594,415.6700134277344,419.739990234375,410.7200012207031,417.80999755859375,16935900
2025-01-15,425.4569091796875,426.30999755859375,428.1499938964844,418.2699890136719,419.1300048828125,19637800
2025-01-16,423.7303466796875,424.5799865722656,429.489990234375,424.3900146484375,428.70001220703125,15300000
2025-01-17,428.1714782714844,429.0299987792969,434.4800109863281,428.1700134277344,434.0899963378906,26197500
2025-01-21,427.64251708984375,428.5,430.8999938964844,425.6000061035156,430.20001220703125,26085700
2025-01-22,445.30712890625,446.20001220703125,447.2699890136719,436.0,437.55999755859375,27803800
2025-01-23,445.8160705566406,446.7099914550781,446.75,441.5,442.0,18389300
2025-01-24,443.17138671875,444.05999755859375,446.6499938964844,441.3999938964844,445.1600036621094,15549500
2025-01-27,433.6903991699219,434.55999755859375,435.20001220703125,423.5,424.010009765625,35647800
2025-01-28,446.30511474609375,447.20001220703125,448.3800048828125,431.3800048828125,434.6000061035156,23491700
2025-01-29,441.44482421875,442.3299865722656,446.8800048828125,440.3999938964844,446.69000244140625,23581400
2025-01-30,414.1595458984375,414.989990234375,422.8599853515625,413.1600036621094,418.7699890136719,54586300
2025-01-31,414.22943115234375,415.05999755859375,420.69000244140625,414.9100036621094,418.9800109863281,34223400
2025-02-03,410.09771728515625,410.9200134277344,415.4100036621094,408.6600036621094,411.6000061035156,25679100
2025-02-04,411.5447998046875,412.3699951171875,413.9200134277344,409.739990234375,412.69000244140625,20532100
2025-02-05,412.4629821777344,413.2900085449219,413.8299865722656,410.3999938964844,412.3500061035156,16316700
2025-02-06,414.9879150390625,415.82000732421875,418.20001220703125,414.0,414.0,16309800
2025-02-07,408.9300537109375,409.75,418.6499938964844,408.1000061035156,416.4800109863281,22886800
2025-02-10,411.3951110839844,412.2200012207031,415.4599914550781,410.9200134277344,413.7099914550781,20817900
2025-02-11,410.6166687011719,411.44000244140625,412.489990234375,409.29998779296875,409.6400146484375,18140600
2025-02-12,408.2214660644531,409.0400085449219,410.75,404.3699951171875,407.2099914550781,19121700
2025-02-13,409.7184753417969,410.5400085449219,411.0,406.3599853515625,407.0,23891700
2025-02-14,407.6126708984375,408.42999267578125,408.9100036621094,405.8800048828125,407.7900085449219,22758500
2025-02-18,408.8202819824219,409.6400146484375,410.6000061035156,406.5,408.0,21423100
2025-02-19,413.94000244140625,414.7699890136719,415.489990234375,407.6499938964844,407.8800048828125,24114200
2025-02-20,416.1300048828125,416.1300048828125,419.30999755859375,412.5400085449219,415.2900085449219,23508700
2025-02-21,408.2099914550781,408.2099914550781,418.04998779296875,407.8900146484375,417.3399963378906,27524800
2025-02-24,404.0,404.0,409.3699951171875,399.32000732421875,408.510009765625,26443700
2025-02-25,397.8999938964844,397.8999938964844,401.9200134277344,396.70001220703125,401.1000061035156,29387400
2025-02-26,399.7300109863281,399.7300109863281,403.6000061035156,394.25,398.010009765625,19619000
2025-02-27,392.5299987792969,392.5299987792969,405.739990234375,392.1700134277344,401.2699890136719,21127400
2025-02-28,396.989990234375,396.989990234375,397.6300048828125,386.57000732421875,392.6600036621094,32845700
2025-03-03,388.489990234375,388.489990234375,398.82000732421875,386.1600036621094,398.82000732421875,23007700
2025-03-04,388.6099853515625,388.6099853515625,392.5799865722656,381.0,383.3999938964844,29342900
2025-03-05,401.0199890136719,401.0199890136719,401.6700134277344,388.80999755859375,389.3399963378906,23433100
2025-03-06,396.8900146484375,396.8900146484375,402.1499938964844,392.67999267578125,394.2799987792969,23304600
2025-03-07,393.30999755859375,393.30999755859375,394.79998779296875,385.5400085449219,392.32000732421875,22034100
2025-03-10,380.1600036621094,380.1600036621094,386.3999938964844,377.2200012207031,385.8399963378906,32840100
2025-03-11,380.45001220703125,380.45001220703125,386.0,376.9100036621094,379.0,30380200
2025-03-12,383.2699890136719,383.2699890136719,385.2200012207031,378.95001220703125,382.95001220703125,24253600
2025-03-13,378.7699890136719,378.7699890136719,385.32000732421875,377.45001220703125,383.1600036621094,20473000
2025-03-14,388.55999755859375,388.55999755859375,390.2300109863281,379.510009765625,379.7799987792969,19952800
2025-03-17,388.70001220703125,388.70001220703125,392.7099914550781,385.57000732421875,386.70001220703125,22474300
2025-03-18,383.5199890136719,383.5199890136719,387.3699951171875,381.1000061035156,387.07000732421875,19486900
2025-03-19,387.82000732421875,387.82000732421875,389.67999267578125,384.0,385.5299987792969,19185500
2025-03-20,386.8399963378906,386.8399963378906,391.7900085449219,383.2799987792969,385.739990234375,18470500
2025-03-21,391.260009765625,391.260009765625,391.739990234375,382.79998779296875,383.2200012207031,39675900
2025-03-24,393.0799865722656,393.0799865722656,395.3999938964844,389.80999755859375,395.3999938964844,21004500
2025-03-25,395.1600036621094,395.1600036621094,396.3599853515625,392.6400146484375,393.9200134277344,15775000
2025-03-26,389.9700012207031,389.9700012207031,395.30999755859375,388.57000732421875,395.0,16108400
2025-03-27,390.5799865722656,390.5799865722656,392.239990234375,387.3999938964844,390.1300048828125,13766800
2025-03-28,378.79998779296875,378.79998779296875,389.1300048828125,376.92999267578125,388.0799865722656,21632000
2025-03-31,375.3900146484375,375.3900146484375,377.07000732421875,367.239990234375,372.5400085449219,35184700
2025-04-01,382.19000244140625,382.19000244140625,382.8500061035156,373.2300109863281,374.6499938964844,19689500
2025-04-02,382.1400146484375,382.1400146484375,385.0799865722656,376.6199951171875,377.9700012207031,16092600
2025-04-03,373.1099853515625,373.1099853515625,377.4800109863281,369.3500061035156,374.7900085449219,30198000
2025-04-04,359.8399963378906,359.8399963378906,374.5899963378906,359.4800109863281,364.1300048828125,49138700
